time,open,high,low,close
2026-01-02 00:00,4327.52,4356.38,4327.26,4348.11
2026-01-02 04:00,4348.11,4381.83,4344.59,4380.52
2026-01-02 08:00,4380.52,4397.33,4371.89,4385.39
2026-01-02 12:00,4385.39,4402.63,4361.54,4366.06
2026-01-02 16:00,4366.1,4373.62,4314.5,4322.74
2026-01-02 20:00,4322.75,4331.76,4309.54,4330.37
2026-01-05 00:00,4356.62,4420.69,4349.71,4401.95
2026-01-05 04:00,4401.97,4414.52,4388.46,4412.51
2026-01-05 08:00,4412.3,4437.89,4411.15,4434.99
2026-01-05 12:00,4434.99,4440.1,4395.77,4416.91
2026-01-05 16:00,4416.91,4455.82,4416.91,4443.64
2026-01-05 20:00,4443.64,4449.38,4434.65,4448.4
2026-01-06 00:00,4454.76,4460.5,4426.97,4450.23
2026-01-06 04:00,4450.2,4474.33,4448.5,4452.33
2026-01-06 08:00,4452.81,4476.11,4444.55,4446.28
2026-01-06 12:00,4446.28,4470.76,4442.51,4468.07
2026-01-06 16:00,4468.1,4491.64,4462.75,4489.6
2026-01-06 20:00,4489.59,4497.43,4477.48,4497.36
2026-01-07 00:00,4498.69,4500.62,4460.79,4465.72
2026-01-07 04:00,4465.72,4480.39,4442.97,4454.43
2026-01-07 08:00,4454.43,4474.88,4441.03,4463.2
2026-01-07 12:00,4463.18,4468.03,4427.89,4453.1
2026-01-07 16:00,4453.1,4468.58,4423.55,4451.91
2026-01-07 20:00,4452.0,4461.72,4445.14,4453.03
2026-01-08 00:00,4462.13,4466.51,4441.31,4448.27
2026-01-08 04:00,4448.55,4449.72,4415.35,4425.59
2026-01-08 08:00,4425.59,4440.08,4415.62,4432.77
2026-01-08 12:00,4432.77,4436.37,4407.18,4423.63
2026-01-08 16:00,4423.57,4465.44,4418.61,4463.31
2026-01-08 20:00,4463.31,4479.59,4444.43,4476.53
2026-01-09 00:00,4477.23,4480.24,4452.71,4469.08
2026-01-09 04:00,4469.09,4476.54,4457.7,4468.29
2026-01-09 08:00,4468.29,4477.77,4463.83,4471.0
2026-01-09 12:00,4471.0,4492.0,4457.87,4482.52
2026-01-09 16:00,4482.55,4516.92,4479.13,4484.53
2026-01-09 20:00,4484.53,4511.22,4482.84,4510.38
2026-01-12 00:00,4521.4,4600.95,4521.0,4569.99
2026-01-12 04:00,4569.99,4585.2,4561.88,4581.07
2026-01-12 08:00,4581.06,4599.41,4569.44,4589.28
2026-01-12 12:00,4589.28,4620.24,4578.41,4615.83
2026-01-12 16:00,4615.83,4630.07,4584.76,4616.22
2026-01-12 20:00,4616.22,4618.98,4589.21,4593.95
2026-01-13 00:00,4596.53,4599.73,4575.17,4577.76
2026-01-13 04:00,4577.74,4602.26,4576.64,4592.01
2026-01-13 08:00,4592.01,4597.37,4572.79,4586.23
2026-01-13 12:00,4586.24,4621.21,4577.71,4611.57
2026-01-13 16:00,4611.57,4634.67,4586.88,4590.48
2026-01-13 20:00,4590.18,4602.11,4569.53,4587.84
2026-01-14 00:00,4591.86,4620.02,4591.34,4619.3
2026-01-14 04:00,4619.3,4640.09,4613.31,4619.9
2026-01-14 08:00,4619.93,4639.88,4618.66,4630.47
2026-01-14 12:00,4630.47,4641.99,4623.24,4635.62
2026-01-14 16:00,4635.62,4638.8,4599.13,4613.98
2026-01-14 20:00,4613.99,4643.2,4612.51,4620.78
2026-01-15 00:00,4622.57,4623.81,4583.72,4599.93
2026-01-15 04:00,4599.93,4614.73,4580.88,4595.32
2026-01-15 08:00,4595.33,4613.69,4593.43,4612.44
2026-01-15 12:00,4612.44,4623.18,4581.81,4588.49
2026-01-15 16:00,4588.49,4624.81,4583.35,4616.6
2026-01-15 20:00,4616.65,4621.6,4600.81,4614.78
2026-01-16 00:00,4618.65,4621.13,4593.91,4600.33
2026-01-16 04:00,4600.33,4616.51,4591.39,4611.63
2026-01-16 08:00,4611.62,4612.43,4593.48,4600.29
2026-01-16 12:00,4600.33,4616.32,4582.51,4602.05
2026-01-16 16:00,4602.04,4620.72,4536.46,4581.48
2026-01-16 20:00,4581.48,4598.4,4579.78,4594.86
2026-01-19 00:00,4649.04,4690.83,4646.71,4657.14
2026-01-19 04:00,4657.13,4674.29,4653.1,4670.09
2026-01-19 08:00,4670.09,4679.09,4661.46,4668.27
2026-01-19 12:00,4668.26,4673.76,4659.3,4666.26
2026-01-19 16:00,4666.3,4678.88,4661.57,4676.1
2026-01-19 20:00,4676.09,4680.43,4666.87,4669.75
2026-01-20 00:00,4668.84,4676.29,4659.36,4669.77
2026-01-20 04:00,4669.8,4717.03,4665.64,4714.28
2026-01-20 08:00,4714.28,4737.47,4705.02,4732.3
2026-01-20 12:00,4732.31,4738.7,4715.08,4737.46
2026-01-20 16:00,4737.44,4762.44,4722.16,4758.99
2026-01-20 20:00,4758.96,4766.41,4746.96,4763.42
2026-01-21 00:00,4762.06,4844.52,4757.68,4835.33
2026-01-21 04:00,4835.33,4878.23,4817.03,4870.02
2026-01-21 08:00,4870.05,4888.29,4832.29,4860.3
2026-01-21 12:00,4860.3,4880.46,4855.11,4879.4
2026-01-21 16:00,4879.34,4881.12,4802.63,4825.91
2026-01-21 20:00,4825.94,4854.12,4755.89,4836.15
2026-01-22 00:00,4816.0,4821.62,4772.01,4797.65
2026-01-22 04:00,4797.63,4821.63,4774.73,4821.04
2026-01-22 08:00,4821.03,4838.57,4813.85,4823.16
2026-01-22 12:00,4823.15,4836.65,4810.56,4822.27
2026-01-22 16:00,4821.99,4906.2,4820.24,4904.34
2026-01-22 20:00,4904.32,4940.77,4901.08,4936.48
2026-01-23 00:00,4952.44,4967.69,4930.61,4953.34
2026-01-23 04:00,4953.34,4967.26,4938.23,4960.75
2026-01-23 08:00,4960.75,4962.96,4899.21,4918.7
2026-01-23 12:00,4918.7,4948.13,4911.83,4938.79
2026-01-23 16:00,4938.83,4988.36,4932.77,4965.41
2026-01-23 20:00,4965.39,4989.84,4958.19,4982.62
2026-01-26 00:00,5013.68,5085.59,5001.46,5071.08
2026-01-26 04:00,5071.08,5092.99,5052.46,5074.4
2026-01-26 08:00,5074.4,5110.96,5065.25,5083.88
2026-01-26 12:00,5083.88,5097.02,5054.61,5068.73
2026-01-26 16:00,5068.75,5105.24,5058.48,5100.77
2026-01-26 20:00,5100.77,5103.19,4989.3,5014.81
2026-01-27 00:00,5034.33,5075.87,5013.33,5060.2
2026-01-27 04:00,5060.07,5085.31,5049.4,5082.85
2026-01-27 08:00,5082.85,5100.85,5073.14,5098.51
2026-01-27 12:00,5098.51,5098.51,5066.99,5077.09
2026-01-27 16:00,5077.09,5103.26,5046.48,5081.34
2026-01-27 20:00,5081.34,5190.32,5075.92,5189.55
2026-01-28 00:00,5182.08,5225.15,5156.95,5204.83
2026-01-28 04:00,5204.85,5266.38,5201.46,5261.03
2026-01-28 08:00,5261.03,5311.71,5251.86,5278.16
2026-01-28 12:00,5278.16,5289.61,5238.23,5266.61
2026-01-28 16:00,5266.6,5306.97,5234.87,5298.29
2026-01-28 20:00,5298.28,5401.93,5267.99,5399.15
2026-01-29 00:00,5440.95,5597.3,5431.86,5545.28
2026-01-29 04:00,5545.27,5564.62,5504.42,5562.22
2026-01-29 08:00,5562.22,5595.13,5473.97,5514.1
2026-01-29 12:00,5514.11,5542.91,5470.66,5510.39
2026-01-29 16:00,5510.56,5549.41,5093.91,5335.23
2026-01-29 20:00,5335.23,5425.62,5282.48,5395.34
2026-01-30 00:00,5419.53,5450.96,5288.39,5301.27
2026-01-30 04:00,5301.27,5312.88,5111.5,5184.27
2026-01-30 08:00,5184.27,5205.05,4939.01,5013.71
2026-01-30 12:00,5013.76,5145.87,4991.9,5019.12
2026-01-30 16:00,5019.13,5113.34,4800.63,4849.83
2026-01-30 20:00,4849.83,4947.76,4681.74,4864.44
2026-02-02 00:00,4826.85,4885.03,4584.82,4736.78
2026-02-02 04:00,4736.78,4773.05,4496.78,4549.33
2026-02-02 08:00,4549.33,4731.26,4401.81,4719.27
2026-02-02 12:00,4719.27,4811.96,4656.49,4705.82
2026-02-02 16:00,4705.82,4793.71,4596.43,4673.64
2026-02-02 20:00,4673.64,4712.48,4618.31,4664.76
2026-02-03 00:00,4701.05,4856.09,4694.96,4841.25
2026-02-03 04:00,4841.25,4842.08,4745.62,4825.26
2026-02-03 08:00,4825.26,4949.77,4816.31,4916.27
2026-02-03 12:00,4916.28,4951.01,4883.19,4932.67
2026-02-03 16:00,4932.66,4993.89,4893.26,4928.72
2026-02-03 20:00,4928.72,4964.01,4880.36,4939.13
2026-02-04 00:00,4957.5,5053.35,4909.19,5046.15
2026-02-04 04:00,5046.15,5090.02,5035.31,5079.22
2026-02-04 08:00,5079.27,5092.19,5042.13,5059.84
2026-02-04 12:00,5059.84,5064.45,5013.52,5054.11
2026-02-04 16:00,5054.13,5059.05,4852.6,4897.91
2026-02-04 20:00,4897.93,4970.26,4872.74,4963.52
2026-02-05 00:00,4994.68,5023.76,4935.76,4958.98
2026-02-05 04:00,4958.96,4962.08,4789.07,4896.18
2026-02-05 08:00,4896.49,4943.65,4848.59,4855.03
2026-02-05 12:00,4855.0,4894.74,4801.93,4835.43
2026-02-05 16:00,4835.46,4906.77,4799.87,4869.25
2026-02-05 20:00,4869.16,4875.43,4759.36,4770.47
2026-02-06 00:00,4777.09,4785.1,4654.62,4773.86
2026-02-06 04:00,4773.86,4897.95,4760.92,4897.44
2026-02-06 08:00,4897.45,4903.2,4824.96,4866.36
2026-02-06 12:00,4866.34,4938.46,4851.14,4929.19
2026-02-06 16:00,4929.2,4968.73,4894.03,4960.34
2026-02-06 20:00,4960.33,4971.32,4936.28,4961.02
2026-02-09 00:00,4987.62,5047.16,4964.22,4982.6
2026-02-09 04:00,4982.62,5041.28,4968.59,5036.38
2026-02-09 08:00,5036.36,5045.7,4996.46,5007.82
2026-02-09 12:00,5007.83,5024.92,4981.78,5007.03
2026-02-09 16:00,5007.05,5080.21,5001.88,5046.18
2026-02-09 20:00,5046.18,5086.27,5044.09,5065.26
2026-02-10 00:00,5055.95,5064.73,4986.34,5032.78
2026-02-10 04:00,5032.78,5056.28,5010.73,5039.27
2026-02-10 08:00,5039.27,5063.4,5018.2,5046.79
2026-02-10 12:00,5046.8,5058.46,5019.59,5050.88
2026-02-10 16:00,5050.96,5078.33,4998.16,5026.3
2026-02-10 20:00,5026.3,5045.12,5004.36,5023.34
2026-02-11 00:00,5033.84,5054.58,5027.93,5052.3
2026-02-11 04:00,5052.3,5063.9,5032.25,5052.37
2026-02-11 08:00,5052.37,5072.18,5045.29,5062.53
2026-02-11 12:00,5062.53,5119.17,5018.85,5065.58
2026-02-11 16:00,5065.54,5098.84,5035.06,5091.36
2026-02-11 20:00,5091.36,5094.43,5066.14,5079.04
2026-02-12 00:00,5095.45,5096.56,5044.79,5063.26
2026-02-12 04:00,5063.27,5077.95,5050.69,5075.59
2026-02-12 08:00,5075.59,5080.9,5046.73,5073.32
2026-02-12 12:00,5073.31,5083.81,5048.53,5075.07
2026-02-12 16:00,5075.07,5077.87,4877.72,4940.64
2026-02-12 20:00,4940.63,4958.26,4906.34,4919.77
2026-02-13 00:00,4891.08,4988.51,4888.47,4980.57
2026-02-13 04:00,4980.56,4997.08,4944.64,4946.15
2026-02-13 08:00,4946.33,4989.63,4946.04,4970.39
2026-02-13 12:00,4970.38,4999.3,4933.26,4987.06
2026-02-13 16:00,4987.06,5033.48,4963.6,5020.74
2026-02-13 20:00,5020.74,5046.12,5015.21,5042.71
2026-02-16 00:00,5015.02,5032.45,4999.38,5028.98
2026-02-16 04:00,5029.0,5031.33,4964.55,4990.36
2026-02-16 08:00,4990.36,5017.23,4984.79,5013.51
2026-02-16 12:00,5013.51,5017.31,4989.65,4997.07
2026-02-16 16:00,4997.08,4999.59,4968.82,4991.46
2026-02-16 20:00,4991.46,4997.59,4988.06,4991.4
2026-02-17 00:00,4997.91,5000.79,4922.51,4957.88
2026-02-17 04:00,4957.88,4971.14,4856.77,4888.98
2026-02-17 08:00,4888.99,4932.43,4886.06,4926.08
2026-02-17 12:00,4926.08,4944.47,4868.68,4870.59
2026-02-17 16:00,4870.59,4907.34,4840.96,4865.15
2026-02-17 20:00,4865.16,4910.29,4862.25,4877.54
2026-02-18 00:00,4870.94,4892.71,4853.08,4889.71
2026-02-18 04:00,4889.7,4940.19,4886.32,4933.43
2026-02-18 08:00,4933.45,4942.33,4912.59,4917.33
2026-02-18 12:00,4917.32,4968.94,4906.05,4954.42
2026-02-18 16:00,4954.42,5011.12,4951.98,4999.22
2026-02-18 20:00,4999.22,5003.39,4972.61,4979.38
2026-02-19 00:00,4973.09,4988.85,4960.18,4973.14
2026-02-19 04:00,4973.14,4998.66,4965.58,4996.64
2026-02-19 08:00,4996.64,5022.01,4992.87,4995.19
2026-02-19 12:00,4995.19,4998.46,4971.38,4997.06
2026-02-19 16:00,4997.07,5022.43,4962.77,4984.55
2026-02-19 20:00,4984.55,5004.18,4975.14,4999.04
2026-02-20 00:00,5001.65,5015.0,4985.11,4996.83
2026-02-20 04:00,4996.83,5011.98,4981.39,5011.97
2026-02-20 08:00,5011.97,5042.55,5004.84,5027.42
2026-02-20 12:00,5027.41,5048.69,5006.69,5043.8
2026-02-20 16:00,5043.8,5076.47,4989.68,5072.65
2026-02-20 20:00,5072.68,5105.17,5053.95,5104.27
2026-02-23 00:00,5117.46,5171.69,5117.46,5157.4
2026-02-23 04:00,5157.4,5176.64,5151.67,5158.37
2026-02-23 08:00,5158.37,5161.62,5122.0,5149.28
2026-02-23 12:00,5149.27,5165.56,5143.36,5146.01
2026-02-23 16:00,5146.0,5218.88,5141.23,5208.0
2026-02-23 20:00,5208.0,5237.87,5200.89,5231.31
2026-02-24 00:00,5242.85,5249.95,5145.08,5176.9
2026-02-24 04:00,5176.9,5191.99,5160.69,5182.73
2026-02-24 08:00,5182.75,5184.93,5155.85,5171.54
2026-02-24 12:00,5171.52,5181.22,5110.71,5114.83
2026-02-24 16:00,5114.82,5163.82,5092.48,5163.74
2026-02-24 20:00,5163.76,5173.25,5145.97,5148.15
2026-02-25 00:00,5136.4,5190.21,5127.83,5176.19
2026-02-25 04:00,5176.19,5210.53,5166.1,5201.54
2026-02-25 08:00,5201.54,5201.91,5175.67,5192.9
2026-02-25 12:00,5192.91,5195.21,5154.72,5184.97
2026-02-25 16:00,5184.94,5217.82,5158.08,5206.93
2026-02-25 20:00,5206.91,5208.59,5144.94,5170.96
2026-02-26 00:00,5175.47,5198.5,5155.11,5191.61
2026-02-26 04:00,5191.61,5205.75,5173.92,5198.05
2026-02-26 08:00,5198.05,5199.63,5167.5,5186.12
2026-02-26 12:00,5186.1,5190.16,5157.6,5166.24
2026-02-26 16:00,5166.08,5192.94,5130.48,5167.31
2026-02-26 20:00,5167.31,5200.84,5160.08,5187.36
2026-02-27 00:00,5182.07,5195.02,5166.61,5193.6
2026-02-27 04:00,5193.6,5200.43,5173.52,5198.1
2026-02-27 08:00,5198.09,5199.32,5171.95,5175.7
2026-02-27 12:00,5176.02,5240.58,5168.48,5223.14
2026-02-27 16:00,5222.93,5257.78,5213.61,5234.7
2026-02-27 20:00,5234.7,5279.21,5222.2,5277.88
2026-03-02 00:00,5355.55,5393.13,5302.79,5324.36
2026-03-02 04:00,5324.36,5366.75,5316.34,5365.53
2026-03-02 08:00,5365.53,5418.94,5363.25,5391.62
2026-03-02 12:00,5391.62,5416.59,5373.91,5393.79
2026-03-02 16:00,5393.79,5394.84,5259.56,5306.67
2026-03-02 20:00,5306.67,5346.3,5288.74,5327.03
2026-03-03 00:00,5344.62,5379.93,5329.11,5338.8
2026-03-03 04:00,5339.07,5375.78,5304.35,5318.68
2026-03-03 08:00,5318.68,5335.88,5225.89,5274.49
2026-03-03 12:00,5274.55,5288.18,5072.46,5156.57
2026-03-03 16:00,5156.57,5175.64,4995.92,5079.06
2026-03-03 20:00,5079.04,5148.71,5078.68,5087.1
2026-03-04 00:00,5111.15,5178.27,5104.18,5174.57
2026-03-04 04:00,5174.58,5190.67,5140.93,5159.65
2026-03-04 08:00,5159.68,5185.02,5116.0,5182.29
2026-03-04 12:00,5182.3,5205.66,5155.84,5168.08
2026-03-04 16:00,5167.76,5184.8,5119.43,5140.54
2026-03-04 20:00,5140.56,5146.73,5108.4,5135.67
2026-03-05 00:00,5152.46,5186.2,5144.3,5172.26
2026-03-05 04:00,5172.26,5195.22,5147.91,5148.6
2026-03-05 08:00,5148.6,5180.72,5119.53,5160.55
2026-03-05 12:00,5160.52,5171.49,5082.31,5117.76
2026-03-05 16:00,5117.78,5129.69,5053.69,5062.81
2026-03-05 20:00,5062.81,5094.65,5050.69,5077.07
2026-03-06 00:00,5089.71,5143.88,5066.11,5134.64
2026-03-06 04:00,5134.64,5141.42,5113.47,5117.18
2026-03-06 08:00,5117.18,5123.05,5082.95,5085.62
2026-03-06 12:00,5085.62,5130.27,5062.45,5084.61
2026-03-06 16:00,5084.63,5171.31,5080.49,5140.56
2026-03-06 20:00,5140.56,5174.78,5138.19,5170.92
2026-03-09 00:00,5166.14,5170.21,5028.19,5049.88
2026-03-09 04:00,5049.88,5102.3,5014.44,5090.15
2026-03-09 08:00,5090.15,5140.46,5080.57,5096.19
2026-03-09 12:00,5096.19,5132.33,5078.85,5094.46
2026-03-09 16:00,5094.46,5115.74,5060.08,5104.19
2026-03-09 20:00,5104.24,5147.76,5088.43,5138.31
2026-03-10 00:00,5128.44,5155.65,5116.73,5130.94
2026-03-10 04:00,5130.94,5186.75,5124.2,5163.57
2026-03-10 08:00,5163.57,5194.75,5158.35,5182.9
2026-03-10 12:00,5182.89,5191.82,5156.13,5186.32
2026-03-10 16:00,5186.33,5238.4,5184.79,5227.5
2026-03-10 20:00,5227.18,5235.21,5159.15,5195.49
2026-03-11 00:00,5192.6,5219.21,5183.14,5214.96
2026-03-11 04:00,5214.96,5223.43,5193.51,5204.27
2026-03-11 08:00,5204.26,5210.55,5174.86,5187.25
2026-03-11 12:00,5187.23,5197.09,5166.31,5167.25
2026-03-11 16:00,5167.25,5196.2,5148.33,5175.04
2026-03-11 20:00,5175.36,5183.38,5153.79,5176.07
2026-03-12 00:00,5177.95,5178.2,5124.99,5152.53
2026-03-12 04:00,5152.53,5175.07,5140.03,5142.45
2026-03-12 08:00,5142.44,5189.87,5136.85,5177.91
2026-03-12 12:00,5177.9,5191.56,5163.1,5181.04
2026-03-12 16:00,5181.03,5186.08,5109.54,5123.03
2026-03-12 20:00,5123.05,5129.38,5054.31,5080.7
2026-03-13 00:00,5083.43,5115.16,5078.66,5113.27
2026-03-13 04:00,5113.59,5128.48,5102.15,5104.14
2026-03-13 08:00,5104.13,5110.84,5060.62,5086.9
2026-03-13 12:00,5086.87,5121.67,5079.74,5117.77
2026-03-13 16:00,5118.09,5121.12,5018.18,5045.83
2026-03-13 20:00,5045.83,5063.97,5009.09,5018.5
2026-03-16 00:00,5015.1,5030.94,4967.18,5025.27
2026-03-16 04:00,5025.28,5026.42,4982.42,5012.47
2026-03-16 08:00,5012.44,5035.88,4991.46,4997.36
2026-03-16 12:00,4990.26,5025.32,4969.44,5019.71
2026-03-16 16:00,5019.71,5038.18,4973.47,4990.4
2026-03-16 20:00,4990.4,5021.45,4983.41,5009.05
2026-03-17 00:00,5010.88,5015.91,4997.7,5002.39
2026-03-17 04:00,5002.39,5042.16,4993.94,5037.41
2026-03-17 08:00,5037.42,5044.18,5004.38,5024.19
2026-03-17 12:00,5024.21,5025.66,4991.32,5011.21
2026-03-17 16:00,5011.21,5031.37,4972.89,5001.68
2026-03-17 20:00,5001.69,5008.91,4995.88,5002.93
2026-03-18 00:00,5001.05,5012.38,4992.97,5003.79
2026-03-18 04:00,5003.79,5015.76,4981.15,4986.73
2026-03-18 08:00,4986.71,5016.45,4976.86,4987.65
2026-03-18 12:00,4987.64,4995.33,4870.43,4881.06
2026-03-18 16:00,4881.04,4894.54,4833.94,4886.49
2026-03-18 20:00,4886.49,4899.23,4806.33,4825.33
2026-03-19 00:00,4825.41,4848.58,4804.13,4841.04
2026-03-19 04:00,4841.04,4866.92,4832.36,4849.82
2026-03-19 08:00,4849.82,4853.91,4686.13,4708.79
2026-03-19 12:00,4708.79,4725.62,4530.99,4573.93
2026-03-19 16:00,4573.93,4649.13,4502.28,4584.69
2026-03-19 20:00,4584.69,4663.26,4573.4,4657.58
2026-03-20 00:00,4659.23,4677.01,4633.71,4648.31
2026-03-20 04:00,4648.29,4735.83,4639.1,4721.1
2026-03-20 08:00,4721.1,4734.6,4660.98,4693.54
2026-03-20 12:00,4693.55,4700.19,4636.8,4678.32
2026-03-20 16:00,4678.32,4679.63,4540.05,4582.86
2026-03-20 20:00,4582.85,4600.77,4476.98,4497.27
2026-03-23 00:00,4474.83,4536.14,4319.32,4354.1
2026-03-23 04:00,4354.1,4454.25,4329.9,4367.37
2026-03-23 08:00,4367.4,4379.94,4098.53,4250.59
2026-03-23 12:00,4250.61,4492.51,4223.25,4478.32
2026-03-23 16:00,4478.32,4512.74,4350.26,4374.91
2026-03-23 20:00,4374.91,4466.8,4370.51,4412.2
2026-03-24 00:00,4380.93,4448.3,4331.15,4364.21
2026-03-24 04:00,4364.21,4379.44,4305.42,4333.4
2026-03-24 08:00,4333.4,4432.72,4319.43,4411.62
2026-03-24 12:00,4411.98,4442.05,4361.8,4379.0
2026-03-24 16:00,4379.1,4434.09,4350.53,4420.91
2026-03-24 20:00,4420.91,4484.03,4372.11,4465.79
2026-03-25 00:00,4479.37,4571.98,4455.65,4563.22
2026-03-25 04:00,4563.21,4602.62,4552.32,4572.95
2026-03-25 08:00,4572.95,4573.54,4532.47,4556.06
2026-03-25 12:00,4556.06,4585.48,4521.62,4543.95
2026-03-25 16:00,4543.63,4579.54,4524.52,4555.1
2026-03-25 20:00,4555.09,4568.92,4486.37,4505.74
2026-03-26 00:00,4521.7,4539.38,4488.44,4535.46
2026-03-26 04:00,4535.45,4544.4,4499.73,4520.2
2026-03-26 08:00,4520.27,4522.27,4412.04,4427.88
2026-03-26 12:00,4427.86,4456.77,4414.16,4429.33
2026-03-26 16:00,4429.33,4479.42,4366.47,4388.95
2026-03-26 20:00,4388.94,4420.9,4351.05,4401.79
2026-03-27 00:00,4386.86,4414.85,4374.88,4378.18
2026-03-27 04:00,4378.18,4449.53,4376.62,4445.8
2026-03-27 08:00,4445.71,4475.07,4423.5,4424.23
2026-03-27 12:00,4424.23,4445.34,4403.71,4437.65
2026-03-27 16:00,4437.68,4555.23,4413.13,4516.07
2026-03-27 20:00,4516.07,4528.84,4485.79,4498.44
2026-03-30 00:00,4511.9,4513.01,4419.19,4431.92
2026-03-30 04:00,4432.24,4517.44,4431.47,4496.76
2026-03-30 08:00,4496.76,4550.6,4496.51,4538.28
2026-03-30 12:00,4538.3,4580.33,4523.39,4569.37
2026-03-30 16:00,4569.4,4578.78,4511.75,4539.48
2026-03-30 20:00,4539.48,4542.18,4492.7,4504.36
2026-03-31 00:00,4517.63,4548.17,4482.16,4547.6
2026-03-31 04:00,4547.6,4619.39,4531.73,4564.77
2026-03-31 08:00,4564.77,4582.01,4542.53,4568.55
2026-03-31 12:00,4568.52,4597.21,4529.1,4574.51
2026-03-31 16:00,4574.51,4651.39,4567.38,4637.89
2026-03-31 20:00,4637.9,4687.17,4636.13,4668.02
2026-04-01 00:00,4674.42,4722.26,4661.43,4710.87
2026-04-01 04:00,4710.91,4724.39,4666.49,4676.14
2026-04-01 08:00,4676.13,4747.6,4674.54,4728.62
2026-04-01 12:00,4728.62,4763.24,4712.42,4724.44
2026-04-01 16:00,4724.44,4790.81,4715.8,4787.23
2026-04-01 20:00,4787.16,4793.02,4741.53,4762.61
2026-04-02 00:00,4757.56,4800.09,4748.66,4784.28
2026-04-02 04:00,4784.28,4786.01,4649.42,4672.27
2026-04-02 08:00,4672.26,4680.55,4553.04,4620.52
2026-04-02 12:00,4620.51,4634.9,4592.57,4601.43
2026-04-02 16:00,4601.43,4699.98,4580.3,4658.77
2026-04-02 20:00,4658.77,4681.9,4645.23,4670.67
2026-04-03 04:00,4723.02,4746.87,4676.68,4718.12
2026-04-06 00:00,4637.52,4652.59,4599.56,4622.39
2026-04-06 04:00,4622.39,4671.85,4620.24,4658.84
2026-04-06 08:00,4658.83,4698.19,4643.31,4695.48
2026-04-06 12:00,4695.46,4706.58,4659.26,4676.0
2026-04-06 16:00,4676.0,4697.6,4651.6,4660.13
2026-04-06 20:00,4660.18,4666.83,4645.25,4650.22
2026-04-07 00:00,4661.76,4667.99,4648.76,4654.49
2026-04-07 04:00,4654.49,4664.34,4616.07,4660.05
2026-04-07 08:00,4660.05,4690.59,4623.35,4682.53
2026-04-07 12:00,4682.52,4694.43,4628.12,4651.33
2026-04-07 16:00,4651.33,4668.92,4607.24,4656.67
2026-04-07 20:00,4656.7,4718.59,4653.53,4712.08
2026-04-08 00:00,4744.5,4857.5,4712.97,4817.47
2026-04-08 04:00,4817.47,4825.41,4787.8,4803.29
2026-04-08 08:00,4803.29,4843.72,4789.83,4793.53
2026-04-08 12:00,4793.52,4807.17,4768.13,4799.63
2026-04-08 16:00,4799.57,4806.72,4731.75,4760.35
2026-04-08 20:00,4760.19,4764.42,4699.24,4719.94
2026-04-09 00:00,4727.56,4729.54,4697.94,4706.51
2026-04-09 04:00,4706.48,4732.93,4698.94,4720.64
2026-04-09 08:00,4720.64,4733.41,4703.26,4725.97
2026-04-09 12:00,4725.92,4759.77,4722.72,4746.0
2026-04-09 16:00,4746.02,4800.71,4738.51,4788.65
2026-04-09 20:00,4788.64,4801.36,4760.65,4764.99
2026-04-10 00:00,4772.11,4772.44,4750.53,4762.89
2026-04-10 04:00,4762.9,4776.84,4737.4,4758.53
2026-04-10 08:00,4758.53,4769.08,4730.27,4740.82
2026-04-10 12:00,4740.83,4782.28,4740.35,4771.89
2026-04-10 16:00,4771.95,4794.88,4747.1,4763.5
2026-04-10 20:00,4763.5,4773.12,4740.63,4750.52
2026-04-13 00:00,4669.38,4698.32,4643.85,4694.92
2026-04-13 04:00,4694.86,4727.94,4693.45,4723.12
2026-04-13 08:00,4723.12,4739.95,4716.05,4722.99
2026-04-13 12:00,4723.31,4729.19,4703.14,4723.25
2026-04-13 16:00,4723.26,4746.51,4699.58,4733.01
2026-04-13 20:00,4733.02,4749.87,4722.67,4738.87
2026-04-14 00:00,4746.79,4775.95,4745.35,4769.9
2026-04-14 04:00,4769.9,4777.19,4761.49,4773.85
2026-04-14 08:00,4773.85,4796.44,4757.73,4786.91
2026-04-14 12:00,4786.91,4789.31,4751.16,4771.08
2026-04-14 16:00,4771.08,4820.29,4770.69,4809.94
2026-04-14 20:00,4809.92,4846.23,4809.08,4841.56
2026-04-15 00:00,4848.95,4850.5,4826.92,4835.38
2026-04-15 04:00,4835.38,4871.2,4816.45,4824.77
2026-04-15 08:00,4824.61,4830.48,4803.35,4817.99
2026-04-15 12:00,4818.01,4819.59,4785.86,4811.62
2026-04-15 16:00,4811.59,4830.75,4786.42,4803.82
2026-04-15 20:00,4803.82,4808.79,4787.93,4789.41
2026-04-16 00:00,4798.19,4837.71,4790.87,4832.8
2026-04-16 04:00,4832.8,4836.19,4811.09,4832.95
2026-04-16 08:00,4833.11,4838.31,4806.36,4813.98
2026-04-16 12:00,4813.95,4823.24,4804.73,4816.27
2026-04-16 16:00,4816.35,4823.95,4771.97,4791.65
2026-04-16 20:00,4791.65,4798.6,4780.96,4790.12
2026-04-17 00:00,4794.48,4801.29,4785.45,4794.86
2026-04-17 04:00,4794.86,4804.52,4767.3,4802.61
2026-04-17 08:00,4802.61,4806.17,4778.36,4795.92
2026-04-17 12:00,4795.92,4847.71,4782.04,4846.02
2026-04-17 16:00,4846.02,4889.41,4834.88,4866.8
2026-04-17 20:00,4866.96,4869.62,4832.67,4833.31
2026-04-20 00:00,4774.03,4794.96,4736.76,4772.52
2026-04-20 04:00,4772.52,4814.4,4771.12,4788.95
2026-04-20 08:00,4788.95,4805.79,4779.49,4795.87
2026-04-20 12:00,4795.86,4822.0,4783.25,4803.07
2026-04-20 16:00,4803.08,4827.57,4792.42,4805.18
2026-04-20 20:00,4805.2,4821.41,4803.37,4817.11
2026-04-21 00:00,4825.03,4833.12,4816.62,4823.98
2026-04-21 04:00,4823.98,4824.5,4787.98,4789.16
2026-04-21 08:00,4789.16,4796.95,4772.41,4785.29
2026-04-21 12:00,4785.29,4797.89,4765.74,4778.4
2026-04-21 16:00,4778.39,4794.3,4708.17,4710.68
2026-04-21 20:00,4710.68,4722.1,4668.29,4713.27
2026-04-22 00:00,4725.34,4747.41,4715.41,4739.47
2026-04-22 04:00,4739.47,4764.98,4735.63,4754.6
2026-04-22 08:00,4754.6,4772.37,4751.51,4756.73
2026-04-22 12:00,4756.73,4762.5,4742.5,4744.24
2026-04-22 16:00,4744.26,4760.67,4723.56,4728.34
2026-04-22 20:00,4728.34,4749.52,4728.29,4738.63
2026-04-23 00:00,4741.44,4753.74,4693.87,4747.81
2026-04-23 04:00,4747.81,4749.89,4697.67,4704.26
2026-04-23 08:00,4704.26,4724.86,4692.11,4703.29
2026-04-23 12:00,4703.29,4743.13,4683.93,4740.0
2026-04-23 16:00,4739.99,4741.18,4715.41,4732.65
2026-04-23 20:00,4732.65,4734.49,4663.91,4690.57
2026-04-24 00:00,4695.17,4707.81,4686.56,4704.58
2026-04-24 04:00,4704.26,4711.1,4657.47,4674.2
2026-04-24 08:00,4674.52,4697.19,4666.33,4690.92
2026-04-24 12:00,4690.92,4717.37,4674.37,4700.61
2026-04-24 16:00,4700.29,4740.06,4689.44,4726.51
2026-04-24 20:00,4726.53,4730.04,4705.07,4706.96
2026-04-27 00:00,4696.81,4698.12,4671.9,4697.77
2026-04-27 04:00,4697.77,4730.12,4690.45,4724.73
2026-04-27 08:00,4724.71,4725.41,4705.07,4706.75
2026-04-27 12:00,4706.75,4712.54,4696.6,4699.25
2026-04-27 16:00,4699.25,4703.33,4667.0,4676.35
2026-04-27 20:00,4676.35,4686.11,4667.78,4679.79
2026-04-28 00:00,4682.28,4701.26,4682.08,4690.3
2026-04-28 04:00,4690.3,4691.48,4666.25,4667.53
2026-04-28 08:00,4667.52,4668.23,4614.46,4629.76
2026-04-28 12:00,4629.68,4630.09,4554.68,4593.72
2026-04-28 16:00,4593.72,4594.94,4557.07,4592.26
2026-04-28 20:00,4592.02,4601.81,4586.93,4593.15
2026-04-29 00:00,4598.37,4610.56,4587.69,4599.94
2026-04-29 04:00,4599.94,4605.91,4575.89,4605.05
2026-04-29 08:00,4605.04,4607.72,4557.28,4573.12
2026-04-29 12:00,4573.16,4580.77,4541.79,4544.99
2026-04-29 16:00,4544.98,4564.92,4510.01,4545.17
2026-04-29 20:00,4545.19,4554.5,4517.76,4541.99
2026-04-30 00:00,4539.47,4574.07,4539.46,4569.93
2026-04-30 04:00,4569.94,4582.49,4540.64,4542.18
2026-04-30 08:00,4542.17,4629.42,4541.78,4616.13
2026-04-30 12:00,4616.15,4646.76,4613.94,4639.32
2026-04-30 16:00,4639.32,4645.82,4605.15,4607.58
2026-04-30 20:00,4607.58,4627.44,4607.3,4618.54
2026-05-01 00:00,4629.12,4634.31,4618.13,4619.44
2026-05-01 04:00,4619.45,4636.11,4608.87,4608.87
2026-05-01 08:00,4608.87,4616.04,4564.82,4568.9
2026-05-01 12:00,4569.04,4607.61,4560.03,4590.89
2026-05-01 16:00,4590.89,4660.24,4586.25,4638.89
2026-05-01 20:00,4638.89,4642.76,4606.81,4613.14
2026-05-04 00:00,4625.43,4629.37,4601.73,4613.09
2026-05-04 04:00,4613.03,4618.5,4590.76,4605.71
2026-05-04 08:00,4605.72,4613.07,4573.41,4577.08
2026-05-04 12:00,4577.08,4584.53,4525.84,4568.37
2026-05-04 16:00,4568.37,4583.2,4500.48,4510.53
2026-05-04 20:00,4510.37,4531.65,4509.36,4521.51
2026-05-05 00:00,4520.31,4530.46,4513.31,4530.02
2026-05-05 04:00,4530.02,4546.74,4525.08,4533.75
2026-05-05 08:00,4533.75,4559.6,4531.09,4558.2
2026-05-05 12:00,4558.21,4574.7,4539.52,4564.56
2026-05-05 16:00,4564.56,4586.42,4553.67,4560.95
2026-05-05 20:00,4560.96,4565.82,4551.31,4556.0
2026-05-06 00:00,4552.43,4619.96,4546.15,4618.45
2026-05-06 04:00,4618.46,4653.64,4609.22,4648.71
2026-05-06 08:00,4648.7,4702.45,4644.37,4699.91
2026-05-06 12:00,4699.91,4723.11,4660.44,4682.98
2026-05-06 16:00,4682.98,4717.62,4668.52,4682.8
2026-05-06 20:00,4682.78,4700.17,4678.65,4689.35
2026-05-07 00:00,4690.49,4701.19,4685.26,4688.69
2026-05-07 04:00,4688.58,4721.7,4684.9,4696.3
2026-05-07 08:00,4696.29,4753.71,4694.5,4731.06
2026-05-07 12:00,4731.06,4752.7,4721.48,4750.19
2026-05-07 16:00,4750.19,4764.78,4704.0,4714.63
2026-05-07 20:00,4714.61,4719.52,4687.52,4702.31
2026-05-08 00:00,4693.89,4709.5,4681.51,4701.1
2026-05-08 04:00,4701.09,4732.92,4699.91,4710.81
2026-05-08 08:00,4710.81,4734.4,4696.66,4715.49
2026-05-08 12:00,4715.52,4732.03,4702.3,4724.08
2026-05-08 16:00,4724.1,4749.03,4701.82,4712.09
2026-05-08 20:00,4712.08,4729.02,4711.97,4715.0
2026-05-11 00:00,4686.85,4698.61,4670.02,4683.33
2026-05-11 04:00,4683.35,4705.44,4668.21,4671.81
2026-05-11 08:00,4671.8,4680.77,4647.75,4667.58
2026-05-11 12:00,4667.58,4701.12,4650.36,4699.73
2026-05-11 16:00,4699.73,4748.56,4698.82,4716.41
2026-05-11 20:00,4716.41,4738.43,4715.47,4736.65
2026-05-12 00:00,4740.51,4773.89,4737.41,4748.93
2026-05-12 04:00,4748.93,4755.6,4710.99,4713.96
2026-05-12 08:00,4713.96,4722.01,4686.28,4703.26
2026-05-12 12:00,4703.26,4711.59,4684.77,4705.35
2026-05-12 16:00,4705.35,4709.13,4638.17,4670.87
2026-05-12 20:00,4670.85,4719.08,4670.85,4715.33
2026-05-13 00:00,4719.96,4726.89,4711.54,4714.6
2026-05-13 04:00,4714.6,4717.15,4687.44,4699.66
2026-05-13 08:00,4699.66,4715.38,4693.54,4700.4
2026-05-13 12:00,4700.39,4710.57,4675.28,4683.48
2026-05-13 16:00,4683.49,4709.93,4669.24,4695.42
2026-05-13 20:00,4695.43,4701.33,4677.37,4688.83
2026-05-14 00:00,4693.44,4706.77,4688.76,4705.07
2026-05-14 04:00,4705.07,4712.68,4667.71,4702.34
2026-05-14 08:00,4702.36,4718.8,4685.8,4693.32
2026-05-14 12:00,4693.32,4710.04,4688.18,4704.63
2026-05-14 16:00,4704.63,4707.71,4666.4,4678.52
2026-05-14 20:00,4678.53,4682.98,4644.15,4650.31
2026-05-15 00:00,4652.69,4665.36,4613.41,4629.95
2026-05-15 04:00,4629.95,4631.57,4604.14,4605.92
2026-05-15 08:00,4605.92,4606.52,4549.48,4554.46
2026-05-15 12:00,4554.46,4572.82,4531.84,4545.65
2026-05-15 16:00,4545.69,4566.55,4511.34,4544.35
2026-05-15 20:00,4544.33,4564.47,4532.98,4538.2
2026-05-18 00:00,4544.84,4555.06,4480.05,4514.96
2026-05-18 04:00,4514.95,4549.99,4489.39,4540.42
2026-05-18 08:00,4540.43,4559.97,4529.5,4550.07
2026-05-18 12:00,4550.08,4574.8,4529.73,4571.17
2026-05-18 16:00,4571.16,4584.17,4531.46,4550.22
2026-05-18 20:00,4550.21,4566.65,4533.95,4563.62
2026-05-19 00:00,4570.21,4589.11,4561.08,4562.99
2026-05-19 04:00,4562.89,4572.33,4537.62,4542.5
2026-05-19 08:00,4542.5,4559.34,4530.58,4542.5
2026-05-19 12:00,4542.51,4548.1,4525.44,4536.91
2026-05-19 16:00,4536.85,4537.16,4464.46,4507.4
2026-05-19 20:00,4507.69,4511.08,4480.65,4482.99
2026-05-20 00:00,4484.39,4508.96,4476.87,4501.02
2026-05-20 04:00,4501.02,4506.14,4453.25,4461.82
2026-05-20 08:00,4461.82,4490.14,4461.1,4483.82
2026-05-20 12:00,4483.81,4505.41,4472.54,4495.96
2026-05-20 16:00,4495.95,4552.92,4466.96,4534.04
2026-05-20 20:00,4534.16,4550.29,4528.24,4542.86
2026-05-21 00:00,4544.48,4553.5,4534.39,4545.3
2026-05-21 04:00,4545.33,4570.64,4526.86,4538.48
2026-05-21 08:00,4538.48,4540.5,4511.38,4532.24
2026-05-21 12:00,4532.21,4542.78,4501.5,4504.18
2026-05-21 16:00,4504.18,4520.67,4488.54,4519.48
2026-05-21 20:00,4519.48,4559.32,4513.83,4540.44
2026-05-22 00:00,4544.74,4545.14,4525.29,4526.45
2026-05-22 04:00,4526.45,4536.19,4518.0,4527.3
2026-05-22 08:00,4527.31,4534.28,4507.07,4521.59
2026-05-22 12:00,4521.58,4536.82,4509.78,4527.75
2026-05-22 16:00,4527.92,4534.36,4491.22,4514.57
2026-05-22 20:00,4514.61,4527.87,4503.98,4506.78
2026-05-25 00:00,4550.42,4579.71,4548.27,4569.36
2026-05-25 04:00,4569.38,4576.23,4556.43,4564.8
2026-05-25 08:00,4564.8,4566.14,4550.28,4556.19
2026-05-25 12:00,4556.19,4576.99,4552.67,4567.73
2026-05-25 16:00,4567.72,4574.88,4559.89,4573.29
2026-05-25 20:00,4573.3,4577.93,4562.98,4570.42
2026-05-26 00:00,4571.07,4580.38,4539.09,4549.56
2026-05-26 04:00,4549.56,4550.0,4523.09,4525.18
2026-05-26 08:00,4525.18,4538.94,4519.76,4523.48
2026-05-26 12:00,4523.49,4540.82,4500.28,4520.03
2026-05-26 16:00,4520.03,4531.43,4499.41,4504.75
2026-05-26 20:00,4504.76,4510.56,4482.08,4506.53
2026-05-27 00:00,4500.89,4527.79,4494.11,4514.91
2026-05-27 04:00,4514.91,4521.12,4495.62,4509.89
2026-05-27 08:00,4509.89,4513.98,4475.55,4497.57
2026-05-27 12:00,4497.58,4497.9,4424.6,4438.42
2026-05-27 16:00,4438.42,4455.41,4401.19,4450.48
2026-05-27 20:00,4450.49,4458.85,4441.27,4454.22
2026-05-28 00:00,4456.35,4462.36,4443.24,4456.82
2026-05-28 04:00,4456.82,4458.71,4366.04,4372.75
2026-05-28 08:00,4372.75,4396.28,4366.9,4386.95
2026-05-28 12:00,4386.93,4433.76,4374.95,4431.92
2026-05-28 16:00,4431.92,4511.11,4418.01,4510.97
2026-05-28 20:00,4510.97,4516.53,4494.71,4495.96
2026-05-29 00:00,4497.2,4500.51,4488.44,4496.18
2026-05-29 04:00,4496.18,4520.8,4491.82,4513.87
2026-05-29 08:00,4513.85,4526.26,4502.53,4514.64
2026-05-29 12:00,4514.96,4543.34,4512.39,4523.0
2026-05-29 16:00,4523.02,4595.22,4516.78,4566.58
2026-05-29 20:00,4566.59,4568.58,4541.15,4541.81
2026-06-01 00:00,4520.73,4546.09,4519.5,4540.77
2026-06-01 04:00,4540.77,4541.11,4508.25,4514.56
2026-06-01 08:00,4514.56,4525.23,4490.23,4498.07
2026-06-01 12:00,4498.05,4512.95,4488.78,4501.95
2026-06-01 16:00,4501.94,4503.93,4447.24,4480.16
2026-06-01 20:00,4480.15,4495.42,4471.2,4483.88
2026-06-02 00:00,4483.1,4497.08,4476.41,4481.17
2026-06-02 04:00,4481.17,4518.23,4462.72,4517.42
2026-06-02 08:00,4517.43,4541.44,4514.8,4526.71
2026-06-02 12:00,4526.71,4535.79,4513.23,4514.68
2026-06-02 16:00,4514.68,4524.85,4486.08,4491.97
2026-06-02 20:00,4491.97,4493.16,4478.54,4488.67
2026-06-03 00:00,4490.27,4496.81,4461.87,4486.21
2026-06-03 04:00,4485.98,4488.44,4463.25,4469.43
2026-06-03 08:00,4469.44,4474.25,4439.91,4443.75
2026-06-03 12:00,4443.75,4468.03,4438.39,4459.97
2026-06-03 16:00,4459.97,4466.01,4426.32,4441.6
2026-06-03 20:00,4441.59,4452.29,4431.25,4431.25
2026-06-04 00:00,4432.04,4465.22,4423.07,4448.16
2026-06-04 04:00,4448.15,4483.96,4442.94,4481.09
2026-06-04 08:00,4481.09,4482.47,4458.19,4463.24
2026-06-04 12:00,4463.24,4514.39,4460.76,4503.76
2026-06-04 16:00,4503.77,4515.45,4456.99,4482.38
2026-06-04 20:00,4482.39,4483.43,4472.5,4474.66
2026-06-05 00:00,4473.73,4481.43,4450.43,4459.05
2026-06-05 04:00,4459.05,4470.24,4435.04,4444.7
2026-06-05 08:00,4444.71,4468.46,4428.53,4462.79
2026-06-05 12:00,4462.79,4475.89,4404.82,4406.21
2026-06-05 16:00,4406.23,4421.11,4322.95,4344.58
2026-06-05 20:00,4344.58,4347.38,4311.6,4327.36
2026-06-08 00:00,4320.39,4353.63,4310.09,4341.96
2026-06-08 04:00,4341.96,4345.87,4299.91,4312.41
2026-06-08 08:00,4312.41,4317.05,4268.44,4288.9
2026-06-08 12:00,4288.9,4339.53,4272.66,4333.12
2026-06-08 16:00,4333.12,4346.67,4314.41,4340.61
2026-06-08 20:00,4340.61,4346.15,4323.22,4327.23
2026-06-09 00:00,4326.67,4328.91,4312.69,4319.57
2026-06-09 04:00,4319.56,4342.22,4318.39,4332.01
2026-06-09 08:00,4332.02,4351.55,4321.01,4326.34
2026-06-09 12:00,4326.34,4344.39,4323.81,4341.08
2026-06-09 16:00,4341.08,4363.39,4236.47,4251.98
2026-06-09 20:00,4251.67,4274.22,4249.65,4258.18
